index,suspicious,fleshReadingEase,numOfPunctN,typeToken
1,suspicious-document00010.txt,52.53,0.06896551724137931,0.7692307692307693
2,suspicious-document00010.txt,71.82,0.0,1.0
3,suspicious-document00010.txt,55.91,0.0,1.0
4,suspicious-document00010.txt,79.6,0.08928571428571429,0.62
5,suspicious-document00010.txt,58.62,0.11016949152542373,0.7523809523809524
6,suspicious-document00010.txt,39.13,0.1036036036036036,0.6517412935323383
7,suspicious-document00010.txt,48.43,0.1282051282051282,0.7794117647058824
8,suspicious-document00010.txt,32.19,0.13432835820895522,0.75
9,suspicious-document00010.txt,64.2,0.18055555555555555,0.7833333333333333
10,suspicious-document00010.txt,48.77,0.11538461538461539,0.6141304347826086
11,suspicious-document00010.txt,48.67,0.125,0.6493506493506493
12,suspicious-document00010.txt,54.6,0.1111111111111111,0.6417910447761194
13,suspicious-document00010.txt,45.43,0.10902255639097744,0.606694560669456
14,suspicious-document00010.txt,52.23,0.11891891891891893,0.6807228915662651
15,suspicious-document00010.txt,33.21,0.096,0.6194690265486725
16,suspicious-document00010.txt,54.83,0.14705882352941177,0.6
17,suspicious-document00010.txt,-132.59,0.0,1.0
18,suspicious-document00010.txt,26.82,0.07746478873239436,0.7272727272727273
19,suspicious-document00010.txt,60.48,0.1318181818181818,0.5286458333333334
20,suspicious-document00010.txt,25.81,0.06666666666666667,0.7142857142857143
21,suspicious-document00010.txt,-23.94,0.1308411214953271,0.776595744680851
22,suspicious-document00010.txt,66.07,0.08333333333333333,0.9545454545454546
23,suspicious-document00010.txt,90.77,0.14285714285714285,1.0
24,suspicious-document00010.txt,55.91,0.25,0.8571428571428571
25,suspicious-document00010.txt,55.91,0.3,1.0
26,suspicious-document00010.txt,68.81,0.14925373134328357,0.7368421052631579
27,suspicious-document00010.txt,59.0,0.1111111111111111,0.5268456375838926
28,suspicious-document00010.txt,42.35,0.10555555555555556,0.6086956521739131
29,suspicious-document00010.txt,57.57,0.11153846153846154,0.5879828326180258
30,suspicious-document00010.txt,51.65,0.09950248756218906,0.6208791208791209
31,suspicious-document00010.txt,54.39,0.0821917808219178,0.6716417910447762
32,suspicious-document00010.txt,48.2,0.09742120343839542,0.5520504731861199
33,suspicious-document00010.txt,60.92,0.1425661914460285,0.5011764705882353
34,suspicious-document00010.txt,61.03,0.1111111111111111,0.514161220043573
35,suspicious-document00010.txt,45.93,0.14285714285714285,0.7878787878787878
36,suspicious-document00010.txt,52.06,0.10803324099722991,0.5727554179566563
37,suspicious-document00010.txt,48.37,0.11428571428571428,0.5823293172690763
38,suspicious-document00010.txt,49.32,0.10116731517509728,0.6017316017316018
39,suspicious-document00010.txt,68.74,0.09782608695652174,0.6585365853658537
40,suspicious-document00010.txt,37.65,0.10714285714285714,0.6868686868686869
41,suspicious-document00010.txt,66.1,0.17482517482517482,0.6083333333333333
42,suspicious-document00010.txt,63.56,0.11186440677966102,0.4704761904761905
43,suspicious-document00010.txt,42.72,0.09302325581395349,0.825
44,suspicious-document00010.txt,43.8,0.11029411764705882,0.4645799011532125
45,suspicious-document00010.txt,72.7,0.10771470160116449,0.47479674796747967
46,suspicious-document00010.txt,74.63,0.12751677852348994,0.5229591836734694
47,suspicious-document00010.txt,70.47,0.12727272727272726,0.49852507374631266
48,suspicious-document00010.txt,57.54,0.10588235294117647,0.6225165562913907
49,suspicious-document00010.txt,40.35,0.12359550561797752,0.782051282051282
50,suspicious-document00010.txt,57.23,0.13709677419354838,0.6135265700483091
51,suspicious-document00010.txt,52.16,0.11570247933884298,0.7383177570093458
52,suspicious-document00010.txt,58.92,0.1291139240506329,0.5571428571428572
53,suspicious-document00010.txt,52.77,0.11075949367088607,0.5098389982110912
54,suspicious-document00010.txt,5.17,0.10869565217391304,0.7951807228915663
55,suspicious-document00010.txt,67.32,0.1483050847457627,0.6078431372549019
56,suspicious-document00010.txt,55.71,0.10526315789473684,0.5586206896551724
57,suspicious-document00010.txt,6.01,0.11643835616438356,0.6666666666666666
58,suspicious-document00010.txt,54.9,0.13274336283185842,0.5675675675675675
59,suspicious-document00010.txt,72.09,0.11496350364963503,0.51340206185567
60,suspicious-document00010.txt,61.37,0.1485148514851485,0.5232558139534884
61,suspicious-document00010.txt,73.31,0.13994169096209913,0.5610561056105611
62,suspicious-document00010.txt,79.94,0.07407407407407407,0.75
63,suspicious-document00010.txt,77.5,0.10655737704918032,0.4885844748858447
64,suspicious-document00010.txt,60.18,0.13707165109034267,0.6195652173913043
65,suspicious-document00010.txt,54.09,0.10294117647058823,0.555921052631579
66,suspicious-document00010.txt,61.33,0.10571428571428572,0.5316455696202531
67,suspicious-document00010.txt,76.05,0.11194029850746269,0.6585365853658537
68,suspicious-document00010.txt,69.45,0.06896551724137931,0.8888888888888888
69,suspicious-document00010.txt,54.9,0.05714285714285714,0.6515151515151515
70,suspicious-document00010.txt,55.92,0.1048951048951049,0.6640625
71,suspicious-document00010.txt,15.69,0.11228070175438597,0.5375494071146245
72,suspicious-document00010.txt,21.1,0.1415929203539823,0.592964824120603
73,suspicious-document00010.txt,38.66,0.08695652173913043,0.6326530612244898
74,suspicious-document00010.txt,46.3,0.12389380530973451,0.7272727272727273
75,suspicious-document00010.txt,57.13,0.10869565217391304,0.6422764227642277
76,suspicious-document00010.txt,72.9,0.1650485436893204,0.523943661971831
77,suspicious-document00010.txt,52.02,0.08333333333333333,0.8545454545454545
78,suspicious-document00010.txt,30.54,0.08064516129032258,0.6228070175438597
79,suspicious-document00010.txt,70.06,0.16929133858267717,0.5829383886255924
80,suspicious-document00010.txt,76.9,0.15355086372360843,0.5011185682326622
81,suspicious-document00010.txt,58.96,0.1134020618556701,0.7816091954022989
82,suspicious-document00010.txt,50.87,0.07575757575757576,0.8166666666666667
83,suspicious-document00010.txt,73.21,0.14206128133704735,0.4435612082670906
84,suspicious-document00010.txt,67.52,0.1111111111111111,0.4503464203233256
85,suspicious-document00010.txt,68.54,0.1103202846975089,0.5657370517928287
86,suspicious-document00010.txt,65.09,0.08823529411764706,0.6344086021505376
87,suspicious-document00010.txt,51.01,0.07065217391304347,0.5941176470588235
88,suspicious-document00010.txt,48.3,0.07058823529411765,0.6139240506329114
89,suspicious-document00010.txt,32.27,0.09053497942386832,0.5384615384615384
90,suspicious-document00010.txt,59.37,0.11861313868613138,0.5061728395061729
91,suspicious-document00010.txt,68.94,0.09602649006622517,0.6123188405797102
92,suspicious-document00010.txt,61.74,0.09144542772861357,0.4448051948051948
93,suspicious-document00010.txt,82.24,0.15270935960591134,0.6647398843930635
94,suspicious-document00010.txt,69.92,0.1484375,0.7339449541284404
95,suspicious-document00010.txt,86.54,0.1676300578034682,0.6258503401360545
96,suspicious-document00010.txt,76.15,0.11029411764705882,0.6016260162601627
97,suspicious-document00010.txt,78.32,0.1585014409221902,0.5476190476190477
98,suspicious-document00010.txt,75.64,0.16243654822335024,0.688622754491018
99,suspicious-document00010.txt,45.77,0.10638297872340426,0.8095238095238095
100,suspicious-document00010.txt,66.91,0.13089005235602094,0.5119047619047619
101,suspicious-document00010.txt,45.26,0.11979166666666667,0.4803921568627451
102,suspicious-document00010.txt,65.46,0.10040160642570281,0.6017699115044248
103,suspicious-document00010.txt,71.52,0.0990990990990991,0.6
104,suspicious-document00010.txt,66.61,0.09693877551020408,0.6404494382022472
105,suspicious-document00010.txt,69.45,0.06896551724137931,0.7777777777777778
106,suspicious-document00010.txt,93.81,0.0,1.0
107,suspicious-document00010.txt,32.57,0.047619047619047616,0.8333333333333334
108,suspicious-document00010.txt,64.54,0.17218543046357615,0.45525291828793774
109,suspicious-document00010.txt,-6.7,0.3333333333333333,1.0
110,suspicious-document00010.txt,75.88,0.0,1.0
111,suspicious-document00010.txt,105.66,0.3333333333333333,0.875
112,suspicious-document00010.txt,58.15,0.10606060606060606,0.6218487394957983
113,suspicious-document00010.txt,74.02,0.18125,0.6343283582089553
114,suspicious-document00010.txt,69.15,0.12944983818770225,0.5291970802919708
115,suspicious-document00010.txt,-6.7,0.3333333333333333,1.0
116,suspicious-document00010.txt,35.61,0.6666666666666666,1.0
117,suspicious-document00010.txt,53.92,0.13793103448275862,0.6640625
118,suspicious-document00010.txt,64.44,0.09230769230769231,0.6864406779661016
119,suspicious-document00010.txt,42.79,0.11650485436893204,0.6174863387978142
120,suspicious-document00010.txt,46.61,0.12727272727272726,0.696969696969697
121,suspicious-document00010.txt,49.15,0.1566265060240964,0.6595744680851063
122,suspicious-document00010.txt,69.04,0.11510791366906475,0.5303643724696356
123,suspicious-document00010.txt,75.74,0.11206896551724138,0.6442307692307693
124,suspicious-document00010.txt,-6.7,0.3333333333333333,1.0
125,suspicious-document00010.txt,73.85,0.14285714285714285,1.0
126,suspicious-document00010.txt,69.86,0.12639405204460966,0.5230125523012552
127,suspicious-document00010.txt,54.86,0.13095238095238096,0.6621621621621622
128,suspicious-document00010.txt,68.44,0.11578947368421053,0.7176470588235294
129,suspicious-document00010.txt,72.5,0.1111111111111111,0.8333333333333334
130,suspicious-document00010.txt,-6.7,0.3333333333333333,1.0
131,suspicious-document00010.txt,89.75,0.0,0.8571428571428571
132,suspicious-document00010.txt,61.09,0.12206572769953052,0.4894179894179894
133,suspicious-document00010.txt,76.05,0.13829787234042554,0.7439024390243902
134,suspicious-document00010.txt,54.73,0.08791208791208792,0.6547619047619048
135,suspicious-document00010.txt,-6.7,0.3333333333333333,1.0
136,suspicious-document00010.txt,100.24,0.16666666666666666,1.0
137,suspicious-document00010.txt,71.48,0.13194444444444445,0.5737051792828686
138,suspicious-document00010.txt,71.48,0.12280701754385964,0.64
139,suspicious-document00010.txt,76.56,0.1595744680851064,0.7654320987654321
140,suspicious-document00010.txt,68.74,0.10270270270270271,0.6144578313253012
141,suspicious-document00010.txt,63.02,0.11510791366906475,0.568
142,suspicious-document00010.txt,-6.7,0.3333333333333333,1.0
143,suspicious-document00010.txt,119.19,0.25,1.0
144,suspicious-document00010.txt,65.05,0.18518518518518517,0.6231884057971014
145,suspicious-document00010.txt,54.49,0.09836065573770492,0.5568862275449101
146,suspicious-document00010.txt,61.63,0.11636363636363636,0.5204918032786885
147,suspicious-document00010.txt,70.97,0.11627906976744186,0.6209150326797386
148,suspicious-document00010.txt,58.66,0.11224489795918367,0.6590909090909091
149,suspicious-document00010.txt,63.56,0.1390728476821192,0.6259541984732825
150,suspicious-document00010.txt,62.35,0.1935483870967742,0.6470588235294118
151,suspicious-document00010.txt,73.71,0.11811023622047244,0.6491228070175439
152,suspicious-document00010.txt,76.66,0.14492753623188406,0.5955056179775281
153,suspicious-document00010.txt,69.11,0.10317460317460317,0.7280701754385965
154,suspicious-document00010.txt,64.68,0.1599229287090559,0.43340857787810383
155,suspicious-document00010.txt,-6.7,0.3333333333333333,1.0
156,suspicious-document00010.txt,100.24,0.16666666666666666,0.8
157,suspicious-document00010.txt,62.51,0.15126050420168066,0.7058823529411765
158,suspicious-document00010.txt,66.41,0.09090909090909091,0.62
159,suspicious-document00010.txt,53.89,0.175,0.8529411764705882
160,suspicious-document00010.txt,69.65,0.11842105263157894,0.6194029850746269
161,suspicious-document00010.txt,98.55,0.23893805309734514,0.6555555555555556
162,suspicious-document00010.txt,56.59,0.11538461538461539,0.8043478260869565
163,suspicious-document00010.txt,67.42,0.09375,0.8103448275862069
164,suspicious-document00010.txt,65.8,0.14689265536723164,0.6405228758169934
165,suspicious-document00010.txt,87.72,0.1,1.0
166,suspicious-document00010.txt,75.88,0.1076923076923077,0.7457627118644068
167,suspicious-document00010.txt,-49.0,0.3333333333333333,1.0
168,suspicious-document00010.txt,49.48,0.16666666666666666,1.0
169,suspicious-document00010.txt,65.93,0.12994350282485875,0.6282051282051282
170,suspicious-document00010.txt,68.44,0.08196721311475409,0.75
171,suspicious-document00010.txt,45.93,0.11842105263157894,0.746268656716418
172,suspicious-document00010.txt,56.29,0.11392405063291139,0.7285714285714285
173,suspicious-document00010.txt,63.29,0.11914893617021277,0.4782608695652174
174,suspicious-document00010.txt,67.76,0.09016393442622951,0.6036036036036037
175,suspicious-document00010.txt,64.88,0.11320754716981132,0.6031746031746031
176,suspicious-document00010.txt,79.13,0.13924050632911392,0.587378640776699
177,suspicious-document00010.txt,57.84,0.12454212454212454,0.6348547717842323
178,suspicious-document00010.txt,52.57,0.09615384615384616,0.5815602836879432
179,suspicious-document00010.txt,65.56,0.11764705882352941,0.8
180,suspicious-document00010.txt,54.39,0.15384615384615385,0.8059701492537313
181,suspicious-document00010.txt,65.76,0.06944444444444445,0.7611940298507462
182,suspicious-document00010.txt,-6.7,0.3333333333333333,1.0
183,suspicious-document00010.txt,-8.73,0.2,1.0
184,suspicious-document00010.txt,59.71,0.11724137931034483,0.54296875
185,suspicious-document00010.txt,78.42,0.11764705882352941,0.660377358490566
186,suspicious-document00010.txt,73.51,0.1375,0.7857142857142857
187,suspicious-document00010.txt,56.79,0.09271523178807947,0.6277372262773723
188,suspicious-document00010.txt,41.03,0.08333333333333333,0.8181818181818182
189,suspicious-document00010.txt,57.61,0.12,0.75
190,suspicious-document00010.txt,54.05,0.10344827586206896,0.7647058823529411
191,suspicious-document00010.txt,60.69,0.12087912087912088,0.6585365853658537
192,suspicious-document00010.txt,58.32,0.10052910052910052,0.6
193,suspicious-document00010.txt,89.68,0.19083969465648856,0.7314814814814815
194,suspicious-document00010.txt,72.5,0.16666666666666666,0.8356164383561644
195,suspicious-document00010.txt,59.37,0.10062893081761007,0.6643356643356644
196,suspicious-document00010.txt,63.19,0.08333333333333333,0.7878787878787878
197,suspicious-document00010.txt,77.91,0.3333333333333333,1.0
198,suspicious-document00010.txt,71.14,0.203125,0.74
199,suspicious-document00010.txt,-132.59,0.5,1.0
200,suspicious-document00010.txt,64.64,0.17006802721088435,0.5561497326203209
201,suspicious-document00010.txt,49.83,0.09523809523809523,0.5736842105263158
202,suspicious-document00010.txt,55.92,0.11188811188811189,0.6875
203,suspicious-document00010.txt,77.91,0.3333333333333333,1.0
204,suspicious-document00010.txt,90.77,0.14285714285714285,1.0
205,suspicious-document00010.txt,74.53,0.14473684210526316,0.7272727272727273
206,suspicious-document00010.txt,80.55,0.16666666666666666,0.6967213114754098
207,suspicious-document00010.txt,68.2,0.1619047619047619,0.6256983240223464
208,suspicious-document00010.txt,51.55,0.15079365079365079,0.6605504587155964
209,suspicious-document00010.txt,71.89,0.11594202898550725,0.5853658536585366
210,suspicious-document00010.txt,77.67,0.1413427561837456,0.6032388663967612
211,suspicious-document00010.txt,44.75,0.15,1.0
212,suspicious-document00010.txt,55.54,0.08955223880597014,0.6721311475409836
213,suspicious-document00010.txt,10.58,0.15492957746478872,0.7166666666666667
214,suspicious-document00010.txt,61.8,0.12162162162162163,0.6641221374045801
215,suspicious-document00010.txt,38.46,0.10622710622710622,0.5101626016260162
216,suspicious-document00010.txt,67.42,0.10309278350515463,0.7241379310344828
217,suspicious-document00010.txt,48.3,0.1348314606741573,0.8
218,suspicious-document00010.txt,66.1,0.15,0.6363636363636364
219,suspicious-document00010.txt,67.22,0.1683673469387755,0.5050100200400801
220,suspicious-document00010.txt,68.4,0.16428571428571428,0.6949152542372882
221,suspicious-document00010.txt,71.07,0.1310344827586207,0.7421875
222,suspicious-document00010.txt,61.33,0.13166144200626959,0.525
223,suspicious-document00010.txt,43.23,0.11036789297658862,0.5093632958801498
224,suspicious-document00010.txt,50.33,0.13793103448275862,0.6
225,suspicious-document00010.txt,54.6,0.11504424778761062,0.74
226,suspicious-document00010.txt,37.1,0.08363636363636363,0.5573122529644269
227,suspicious-document00010.txt,60.92,0.14527845036319612,0.4519774011299435
228,suspicious-document00010.txt,17.01,0.1079136690647482,0.6612903225806451
229,suspicious-document00010.txt,41.81,0.11965811965811966,0.5326876513317191
230,suspicious-document00010.txt,33.42,0.10108303249097472,0.616
231,suspicious-document00010.txt,49.52,0.10894941634241245,0.6130434782608696
232,suspicious-document00010.txt,78.28,0.192090395480226,0.7123287671232876
233,suspicious-document00010.txt,68.3,0.13186813186813187,0.8227848101265823
234,suspicious-document00010.txt,51.01,0.1592920353982301,0.624561403508772
235,suspicious-document00010.txt,61.16,0.10309278350515463,0.735632183908046
236,suspicious-document00010.txt,40.59,0.16071428571428573,0.5558912386706949
237,suspicious-document00010.txt,46.74,0.13274336283185842,0.7857142857142857
238,suspicious-document00010.txt,55.31,0.09444444444444444,0.6196319018404908
239,suspicious-document00010.txt,49.83,0.11627906976744186,0.5263157894736842
240,suspicious-document00010.txt,59.64,0.15384615384615385,0.8888888888888888
241,suspicious-document00010.txt,71.48,0.12790697674418605,0.76
242,suspicious-document00010.txt,72.5,0.13253012048192772,0.7222222222222222
243,suspicious-document00010.txt,71.89,0.15346534653465346,0.6149425287356322
244,suspicious-document00010.txt,63.77,0.09688581314878893,0.5593869731800766
245,suspicious-document00010.txt,61.19,0.13636363636363635,0.7238805970149254
246,suspicious-document00010.txt,56.42,0.12903225806451613,0.6157894736842106
247,suspicious-document00010.txt,54.19,0.21705426356589147,0.6534653465346535
248,suspicious-document00010.txt,26.65,0.1984732824427481,0.6822429906542056
249,suspicious-document00010.txt,57.13,0.10218978102189781,0.6504065040650406
250,suspicious-document00010.txt,47.59,0.14102564102564102,0.6029411764705882
251,suspicious-document00010.txt,71.58,0.12562814070351758,0.5919540229885057
252,suspicious-document00010.txt,53.04,0.11666666666666667,0.6886792452830188
253,suspicious-document00010.txt,72.9,0.1683673469387755,0.6848484848484848
254,suspicious-document00010.txt,63.02,0.15517241379310345,0.8
255,suspicious-document00010.txt,67.42,0.13636363636363635,0.7758620689655172
256,suspicious-document00010.txt,76.76,0.11711711711711711,0.6666666666666666
257,suspicious-document00010.txt,77.91,0.3333333333333333,1.0
258,suspicious-document00010.txt,92.8,0.2,1.0
259,suspicious-document00010.txt,44.24,0.09059233449477352,0.5823754789272031
260,suspicious-document00010.txt,63.43,0.09053497942386832,0.6199095022624435
261,suspicious-document00010.txt,17.51,0.12142857142857143,0.6504065040650406
262,suspicious-document00010.txt,67.83,0.13537117903930132,0.615
263,suspicious-document00010.txt,57.44,0.1,0.5819672131147541
264,suspicious-document00010.txt,61.33,0.12062256809338522,0.5372807017543859
265,suspicious-document00010.txt,60.42,0.10333333333333333,0.46654275092936803
266,suspicious-document00010.txt,39.68,0.07692307692307693,0.7708333333333334
267,suspicious-document00010.txt,77.91,0.3333333333333333,1.0
268,suspicious-document00010.txt,34.59,0.25,1.0
269,suspicious-document00010.txt,58.39,0.13505747126436782,0.5460526315789473
270,suspicious-document00010.txt,74.42,0.1799163179916318,0.6080402010050251
271,suspicious-document00010.txt,77.06,0.21509433962264152,0.6
272,suspicious-document00010.txt,66.51,0.13818181818181818,0.5899581589958159
273,suspicious-document00010.txt,69.35,0.13761467889908258,0.5947368421052631
274,suspicious-document00010.txt,43.4,0.23404255319148937,0.8333333333333334
275,suspicious-document00010.txt,66.2,0.1134453781512605,0.5153664302600472
276,suspicious-document00010.txt,49.76,0.09722222222222222,0.5138461538461538
277,suspicious-document00010.txt,50.51,0.13114754098360656,0.7358490566037735
278,suspicious-document00010.txt,50.88,0.14012738853503184,0.5882352941176471
279,suspicious-document00010.txt,28.81,0.09743589743589744,0.6534090909090909
280,suspicious-document00010.txt,59.16,0.13333333333333333,0.6111111111111112
281,suspicious-document00010.txt,48.3,0.09266409266409266,0.5822784810126582
282,suspicious-document00010.txt,54.43,0.140625,0.6526946107784432
283,suspicious-document00010.txt,39.34,0.09090909090909091,0.875
284,suspicious-document00010.txt,39.68,0.12442396313364056,0.640625
285,suspicious-document00010.txt,62.92,0.15121951219512195,0.6363636363636364
286,suspicious-document00010.txt,62.41,0.09644670050761421,0.6256983240223464
287,suspicious-document00010.txt,34.19,0.09951456310679611,0.5306666666666666
288,suspicious-document00010.txt,77.91,0.3333333333333333,1.0
289,suspicious-document00010.txt,65.73,0.06666666666666667,1.0
290,suspicious-document00010.txt,38.73,0.12074303405572756,0.5528169014084507
291,suspicious-document00010.txt,19.34,0.07731958762886598,0.6089385474860335
292,suspicious-document00010.txt,39.34,0.08045977011494253,0.7125
293,suspicious-document00010.txt,61.94,0.11398963730569948,0.627906976744186
294,suspicious-document00010.txt,77.91,0.3333333333333333,1.0
295,suspicious-document00010.txt,118.18,0.2,1.0
296,suspicious-document00010.txt,49.22,0.12547528517110265,0.5366379310344828
297,suspicious-document00010.txt,22.76,0.09433962264150944,0.8125
298,suspicious-document00010.txt,5.84,0.12048192771084337,0.7808219178082192
299,suspicious-document00010.txt,33.08,0.11382113821138211,0.6697247706422018
300,suspicious-document00010.txt,46.78,0.11891891891891893,0.6707317073170732
301,suspicious-document00010.txt,31.42,0.1337386018237082,0.6062717770034843
302,suspicious-document00010.txt,46.48,0.1079136690647482,0.6532258064516129
303,suspicious-document00010.txt,50.88,0.13924050632911392,0.6159420289855072
304,suspicious-document00010.txt,73.85,0.20512820512820512,0.8709677419354839
305,suspicious-document00010.txt,50.84,0.11904761904761904,0.7747747747747747
306,suspicious-document00010.txt,77.91,0.3333333333333333,1.0
307,suspicious-document00010.txt,34.59,0.25,1.0
308,suspicious-document00010.txt,55.92,0.12727272727272726,0.6701030927835051
309,suspicious-document00010.txt,49.18,0.08080808080808081,0.7362637362637363
310,suspicious-document00010.txt,76.01,0.1701388888888889,0.5802469135802469
311,suspicious-document00010.txt,64.44,0.15942028985507245,0.711864406779661
312,suspicious-document00010.txt,73.41,0.1574074074074074,0.5913978494623656
313,suspicious-document00010.txt,78.99,0.16551724137931034,0.6032388663967612
314,suspicious-document00010.txt,60.82,0.13496932515337423,0.6549295774647887
315,suspicious-document00010.txt,42.05,0.12903225806451613,0.7962962962962963
316,suspicious-document00010.txt,61.03,0.06666666666666667,0.6312056737588653
317,suspicious-document00010.txt,77.91,0.3333333333333333,1.0
318,suspicious-document00010.txt,92.8,0.2,1.0
319,suspicious-document00010.txt,66.71,0.10194174757281553,0.4268456375838926
320,suspicious-document00010.txt,35.61,0.3333333333333333,1.0
321,suspicious-document00010.txt,59.97,0.25,1.0
322,suspicious-document00010.txt,72.7,0.17699115044247787,0.7368421052631579
323,suspicious-document00010.txt,52.06,0.1676470588235294,0.5833333333333334
324,suspicious-document00010.txt,50.54,0.15057915057915058,0.53125
325,suspicious-document00010.txt,70.02,0.12195121951219512,0.6712328767123288
326,suspicious-document00010.txt,48.77,0.08955223880597014,0.6358695652173914
327,suspicious-document00010.txt,46.68,0.09047619047619047,0.4774305555555556
328,suspicious-document00010.txt,38.32,0.16666666666666666,0.8536585365853658
329,suspicious-document00010.txt,62.18,0.12371134020618557,0.7411764705882353
330,suspicious-document00010.txt,76.22,0.14634146341463414,0.8055555555555556
331,suspicious-document00010.txt,49.83,0.09973753280839895,0.5685131195335277
332,suspicious-document00010.txt,58.96,0.08421052631578947,0.7931034482758621
333,suspicious-document00010.txt,80.24,0.21739130434782608,0.7702702702702703
334,suspicious-document00010.txt,49.83,0.10377358490566038,0.6684210526315789
335,suspicious-document00010.txt,58.79,0.12352941176470589,0.6733333333333333
336,suspicious-document00010.txt,77.91,0.3333333333333333,1.0
337,suspicious-document00010.txt,86.71,0.09090909090909091,0.9
338,suspicious-document00010.txt,60.62,0.14698795180722893,0.5658263305322129
339,suspicious-document00010.txt,60.28,0.15862068965517243,0.5863453815261044
340,suspicious-document00010.txt,22.08,0.10317460317460317,0.6403508771929824
341,suspicious-document00010.txt,55.07,0.11711711711711711,0.7244897959183674
342,suspicious-document00010.txt,33.93,0.07462686567164178,0.8064516129032258
343,suspicious-document00010.txt,77.91,0.3333333333333333,1.0
344,suspicious-document00010.txt,83.32,0.2,1.0
345,suspicious-document00010.txt,66.0,0.15130023640661938,0.5135869565217391
346,suspicious-document00010.txt,54.7,0.12334801762114538,0.5829145728643216
347,suspicious-document00010.txt,58.18,0.125,0.5392156862745098
348,suspicious-document00010.txt,52.4,0.1556420233463035,0.5739910313901345
349,suspicious-document00010.txt,57.78,0.17391304347826086,0.8441558441558441
350,suspicious-document00010.txt,77.91,0.3333333333333333,1.0
351,suspicious-document00010.txt,116.15,0.14285714285714285,1.0
352,suspicious-document00010.txt,49.93,0.13994910941475827,0.5571847507331378
353,suspicious-document00010.txt,33.59,0.07954545454545454,0.6341463414634146
354,suspicious-document00010.txt,80.14,0.16619718309859155,0.5714285714285714
355,suspicious-document00010.txt,65.49,0.1178343949044586,0.5503597122302158
356,suspicious-document00010.txt,69.79,0.13333333333333333,0.7238095238095238
357,suspicious-document00010.txt,35.62,0.08771929824561403,0.7307692307692307
358,suspicious-document00010.txt,77.91,0.3333333333333333,1.0
359,suspicious-document00010.txt,56.93,0.14285714285714285,1.0
360,suspicious-document00010.txt,69.15,0.10869565217391304,0.7804878048780488
361,suspicious-document00010.txt,21.41,0.0958904109589041,0.7424242424242424
362,suspicious-document00010.txt,53.21,0.12244897959183673,0.7586206896551724
363,suspicious-document00010.txt,50.23,0.12374581939799331,0.6045627376425855
364,suspicious-document00010.txt,44.28,0.12429378531073447,0.5207667731629393
365,suspicious-document00010.txt,77.06,0.1702127659574468,0.9743589743589743
366,suspicious-document00010.txt,49.72,0.10588235294117647,0.5377049180327869
367,suspicious-document00010.txt,35.61,0.3333333333333333,1.0
368,suspicious-document00010.txt,59.97,0.25,1.0
369,suspicious-document00010.txt,47.59,0.10909090909090909,0.5304740406320542
370,suspicious-document00010.txt,85.02,0.20588235294117646,0.6642857142857143
371,suspicious-document00010.txt,30.54,0.10317460317460317,0.7304347826086957
372,suspicious-document00010.txt,52.26,0.10552763819095477,0.5722222222222222
373,suspicious-document00010.txt,77.91,0.3333333333333333,1.0
374,suspicious-document00010.txt,75.88,0.0,1.0
375,suspicious-document00010.txt,57.88,0.1278538812785388,0.462738301559792
376,suspicious-document00010.txt,40.02,0.0967741935483871,0.7678571428571429
377,suspicious-document00010.txt,74.83,0.1648590021691974,0.5345268542199488
378,suspicious-document00010.txt,77.91,0.3333333333333333,1.0
379,suspicious-document00010.txt,49.48,0.16666666666666666,1.0
380,suspicious-document00010.txt,58.39,0.11917098445595854,0.5614035087719298
381,suspicious-document00010.txt,57.13,0.1539708265802269,0.5133079847908745
382,suspicious-document00010.txt,60.92,0.12060301507537688,0.6271186440677966
383,suspicious-document00010.txt,28.68,0.08181818181818182,0.7128712871287128
384,suspicious-document00010.txt,77.91,0.3333333333333333,1.0
385,suspicious-document00010.txt,46.44,0.2,1.0
386,suspicious-document00010.txt,56.22,0.10954063604240283,0.42857142857142855
387,suspicious-document00010.txt,72.19,0.1099476439790576,0.5664739884393064
388,suspicious-document00010.txt,74.73,0.09859154929577464,0.5648854961832062
389,suspicious-document00010.txt,64.24,0.14492753623188406,0.7107438016528925
390,suspicious-document00010.txt,62.14,0.10869565217391304,0.5218446601941747
391,suspicious-document00010.txt,77.91,0.3333333333333333,1.0
392,suspicious-document00010.txt,34.59,0.25,1.0
393,suspicious-document00010.txt,64.34,0.11949685534591195,0.6267605633802817
394,suspicious-document00010.txt,50.03,0.12646370023419204,0.5396825396825397
395,suspicious-document00010.txt,58.55,0.1540983606557377,0.5622641509433962
396,suspicious-document00010.txt,63.83,0.13138686131386862,0.6074380165289256
397,suspicious-document00010.txt,55.2,0.1182108626198083,0.4658273381294964
398,suspicious-document00010.txt,77.87,0.16666666666666666,0.6964285714285714
399,suspicious-document00010.txt,106.16,0.3,0.9333333333333333
400,suspicious-document00010.txt,68.81,0.16593886462882096,0.5979381443298969
401,suspicious-document00010.txt,84.0,0.25925925925925924,0.7674418604651163
402,suspicious-document00010.txt,53.21,0.14189189189189189,0.5658914728682171
403,suspicious-document00010.txt,62.31,0.09523809523809523,0.7922077922077922
404,suspicious-document00010.txt,31.56,0.1111111111111111,0.75
405,suspicious-document00010.txt,35.61,0.3333333333333333,1.0
406,suspicious-document00010.txt,105.66,0.1111111111111111,0.625
407,suspicious-document00010.txt,51.38,0.13138686131386862,0.5333333333333333
408,suspicious-document00010.txt,49.15,0.08888888888888889,0.513677811550152
409,suspicious-document00010.txt,77.91,0.3333333333333333,1.0
410,suspicious-document00010.txt,92.8,0.2,1.0
411,suspicious-document00010.txt,67.18,0.13253012048192772,0.6643835616438356
412,suspicious-document00010.txt,50.64,0.10666666666666667,0.5535714285714286
413,suspicious-document00010.txt,53.89,0.087248322147651,0.5955882352941176
414,suspicious-document00010.txt,69.15,0.12,0.5280898876404494
415,suspicious-document00010.txt,77.91,0.3333333333333333,1.0
416,suspicious-document00010.txt,59.97,0.25,1.0
417,suspicious-document00010.txt,57.44,0.10588235294117647,0.5667752442996743
418,suspicious-document00010.txt,30.84,0.10582010582010581,0.6470588235294118
419,suspicious-document00010.txt,60.65,0.1590909090909091,0.8157894736842105
420,suspicious-document00010.txt,72.36,0.12786885245901639,0.585820895522388
421,suspicious-document00010.txt,57.27,0.125,1.0
422,suspicious-document00010.txt,87.21,0.1780821917808219,0.648
423,suspicious-document00010.txt,43.09,0.09583333333333334,0.5525114155251142
424,suspicious-document00010.txt,48.14,0.12037037037037036,0.6770833333333334
425,suspicious-document00010.txt,64.64,0.11450381679389313,0.7350427350427351
426,suspicious-document00010.txt,33.99,0.09491525423728814,0.5390334572490706
427,suspicious-document00010.txt,54.23,0.117096018735363,0.5687830687830688
428,suspicious-document00010.txt,55.92,0.15789473684210525,0.7846153846153846
429,suspicious-document00010.txt,77.91,0.3333333333333333,1.0
430,suspicious-document00010.txt,93.14,0.07692307692307693,0.9166666666666666
431,suspicious-document00010.txt,56.76,0.08139534883720931,0.7468354430379747
432,suspicious-document00010.txt,52.36,0.12345679012345678,0.7746478873239436
433,suspicious-document00010.txt,50.84,0.075,0.8378378378378378
434,suspicious-document00010.txt,65.05,0.13924050632911392,0.7714285714285715
435,suspicious-document00010.txt,59.64,0.19642857142857142,0.8444444444444444
436,suspicious-document00010.txt,62.04,0.1111111111111111,0.6666666666666666
437,suspicious-document00010.txt,59.98,0.11559888579387187,0.446676970633694
438,suspicious-document00010.txt,74.02,0.14009661835748793,0.6333333333333333
439,suspicious-document00010.txt,58.62,0.125,0.8095238095238095
440,suspicious-document00010.txt,48.77,0.12380952380952381,0.717391304347826
441,suspicious-document00010.txt,54.39,0.1875,0.8059701492537313
442,suspicious-document00010.txt,47.8,0.12053571428571429,0.6218905472636815
443,suspicious-document00010.txt,53.41,0.13821138211382114,0.6355140186915887
444,suspicious-document00010.txt,75.3,0.2009132420091324,0.6464088397790055
445,suspicious-document00010.txt,77.91,0.3333333333333333,1.0
446,suspicious-document00010.txt,75.88,0.2,1.0
447,suspicious-document00010.txt,51.04,0.16412213740458015,0.6306306306306306
448,suspicious-document00010.txt,64.78,0.11235955056179775,0.6962025316455697
449,suspicious-document00010.txt,49.96,0.09411764705882353,0.5844155844155844
450,suspicious-document00010.txt,44.95,0.12083333333333333,0.5747663551401869
451,suspicious-document00010.txt,52.57,0.10256410256410256,0.6650943396226415
452,suspicious-document00010.txt,62.35,0.175,0.8285714285714286
453,suspicious-document00010.txt,69.25,0.12258064516129032,0.6934306569343066
454,suspicious-document00010.txt,79.3,0.1746031746031746,0.8846153846153846
455,suspicious-document00010.txt,53.89,0.11688311688311688,0.7226277372262774
456,suspicious-document00010.txt,66.57,0.16993464052287582,0.7209302325581395
457,suspicious-document00010.txt,67.76,0.09876543209876543,0.7567567567567568
458,suspicious-document00010.txt,65.09,0.11788617886178862,0.6073059360730594
459,suspicious-document00010.txt,45.93,0.13333333333333333,0.746268656716418
460,suspicious-document00010.txt,35.61,0.3333333333333333,1.0
461,suspicious-document00010.txt,89.75,0.125,1.0
462,suspicious-document00010.txt,74.22,0.12429378531073447,0.5961538461538461
463,suspicious-document00010.txt,63.77,0.1288135593220339,0.5475285171102662
464,suspicious-document00010.txt,77.91,0.3333333333333333,1.0
465,suspicious-document00010.txt,78.75,0.1,0.6842105263157895
466,suspicious-document00010.txt,47.08,0.0975609756097561,0.5085995085995086
467,suspicious-document00010.txt,39.88,0.11481481481481481,0.5791666666666667
468,suspicious-document00010.txt,30.5,0.12048192771084337,0.6575342465753424
469,suspicious-document00010.txt,69.35,0.14004914004914004,0.56657223796034
470,suspicious-document00010.txt,73.85,0.11538461538461539,0.6559139784946236
471,suspicious-document00010.txt,41.91,0.13358778625954199,0.5633187772925764
472,suspicious-document00010.txt,68.64,0.11522633744855967,0.4954954954954955
473,suspicious-document00010.txt,38.15,0.09174311926605505,0.6666666666666666
474,suspicious-document00010.txt,39.34,0.1341991341991342,0.61
475,suspicious-document00010.txt,65.8,0.12,0.5795918367346938
476,suspicious-document00010.txt,57.95,0.12121212121212122,0.7333333333333333
477,suspicious-document00010.txt,77.91,0.3333333333333333,1.0
478,suspicious-document00010.txt,45.42,0.1,0.7777777777777778
479,suspicious-document00010.txt,61.43,0.08955223880597014,0.5755102040816327
480,suspicious-document00010.txt,61.7,0.15053763440860216,0.620253164556962
481,suspicious-document00010.txt,42.38,0.11377245508982035,0.6283783783783784
482,suspicious-document00010.txt,77.91,0.3333333333333333,1.0
483,suspicious-document00010.txt,92.8,0.2,1.0
484,suspicious-document00010.txt,32.74,0.09803921568627451,0.7419354838709677
485,suspicious-document00010.txt,56.08,0.22413793103448276,0.8085106382978723
486,suspicious-document00010.txt,49.99,0.10606060606060606,0.7796610169491526
487,suspicious-document00010.txt,68.94,0.11290322580645161,0.7272727272727273
488,suspicious-document00010.txt,47.46,0.09219858156028368,0.65625
489,suspicious-document00010.txt,57.78,0.11196911196911197,0.5948275862068966
490,suspicious-document00010.txt,63.22,0.10185185185185185,0.696969696969697
491,suspicious-document00010.txt,77.91,0.3333333333333333,1.0
492,suspicious-document00010.txt,35.61,0.3333333333333333,1.0
493,suspicious-document00010.txt,54.94,0.15544041450777202,0.6566265060240963
494,suspicious-document00010.txt,64.75,0.19726027397260273,0.5445544554455446
495,suspicious-document00010.txt,53.38,0.14055299539170507,0.5118733509234829
496,suspicious-document00010.txt,35.61,0.3333333333333333,1.0
497,suspicious-document00010.txt,50.5,0.2,1.0
498,suspicious-document00010.txt,40.99,0.1524390243902439,0.6666666666666666
499,suspicious-document00010.txt,40.35,0.13636363636363635,0.717948717948718
500,suspicious-document00010.txt,51.52,0.13846153846153847,0.7410714285714286
501,suspicious-document00010.txt,31.22,0.10697674418604651,0.6041666666666666
502,suspicious-document00010.txt,59.67,0.09574468085106383,0.7529411764705882
503,suspicious-document00010.txt,77.91,0.3333333333333333,1.0
504,suspicious-document00010.txt,49.48,0.16666666666666666,1.0
505,suspicious-document00010.txt,49.11,0.13857677902621723,0.592274678111588
506,suspicious-document00010.txt,55.0,0.14661654135338345,0.5844155844155844
507,suspicious-document00010.txt,79.8,0.19753086419753085,0.746268656716418
508,suspicious-document00010.txt,81.29,0.4,1.0
509,suspicious-document00010.txt,91.78,0.3076923076923077,1.0
510,suspicious-document00010.txt,58.66,0.08333333333333333,0.75
511,suspicious-document00010.txt,54.9,0.12121212121212122,0.6017316017316018
512,suspicious-document00010.txt,45.97,0.10695187165775401,0.6107784431137725
513,suspicious-document00010.txt,35.96,0.06976744186046512,0.6916666666666667
514,suspicious-document00010.txt,57.54,0.12138728323699421,0.6447368421052632
515,suspicious-document00010.txt,75.88,0.09375,0.896551724137931
516,suspicious-document00010.txt,44.08,0.10344827586206896,0.6346153846153846
517,suspicious-document00010.txt,61.33,0.1076923076923077,0.5681818181818182
518,suspicious-document00010.txt,64.58,0.1310344827586207,0.6220472440944882
519,suspicious-document00010.txt,64.58,0.0995260663507109,0.6230366492146597
520,suspicious-document00010.txt,48.1,0.10526315789473684,0.6050420168067226
521,suspicious-document00010.txt,60.82,0.1346938775510204,0.5727699530516432
522,suspicious-document00010.txt,68.77,0.08333333333333333,0.9090909090909091
523,suspicious-document00010.txt,77.91,0.3333333333333333,1.0
524,suspicious-document00010.txt,83.32,0.16666666666666666,0.8
525,suspicious-document00010.txt,54.09,0.11648351648351649,0.5073891625615764
526,suspicious-document00010.txt,56.76,0.11258278145695365,0.45305514157973176
527,suspicious-document00010.txt,31.25,0.09274193548387097,0.5955555555555555
528,suspicious-document00010.txt,77.91,0.3333333333333333,1.0
529,suspicious-document00010.txt,100.24,0.16666666666666666,1.0
530,suspicious-document00010.txt,65.19,0.1419753086419753,0.5907473309608541
531,suspicious-document00010.txt,77.91,0.3333333333333333,1.0
532,suspicious-document00010.txt,83.32,0.16666666666666666,1.0
533,suspicious-document00010.txt,68.54,0.1369472182596291,0.4804560260586319
534,suspicious-document00010.txt,80.92,0.16363636363636364,0.851063829787234
535,suspicious-document00010.txt,71.07,0.10619469026548672,0.6059113300492611
536,suspicious-document00010.txt,35.61,0.3333333333333333,1.0
537,suspicious-document00010.txt,93.3,0.2222222222222222,0.8571428571428571
538,suspicious-document00010.txt,55.61,0.13574660633484162,0.5684754521963824
539,suspicious-document00010.txt,77.91,0.3333333333333333,1.0
540,suspicious-document00010.txt,75.88,0.2,1.0
541,suspicious-document00010.txt,43.74,0.1111111111111111,0.6477272727272727
542,suspicious-document00010.txt,65.69,0.12140575079872204,0.5362318840579711
543,suspicious-document00010.txt,66.3,0.125,0.6208530805687204
544,suspicious-document00010.txt,69.04,0.1285140562248996,0.5545454545454546
545,suspicious-document00010.txt,60.62,0.10833333333333334,0.6074766355140186
546,suspicious-document00010.txt,65.09,0.08737864077669903,0.6914893617021277
547,suspicious-document00010.txt,77.91,0.3333333333333333,1.0
548,suspicious-document00010.txt,106.67,0.125,1.0
549,suspicious-document00010.txt,92.8,0.2,1.0
550,suspicious-document00010.txt,60.11,0.12254901960784313,0.56353591160221
551,suspicious-document00010.txt,50.23,0.12264150943396226,0.5638297872340425
552,suspicious-document00010.txt,71.38,0.15458937198067632,0.6306818181818182
553,suspicious-document00010.txt,54.05,0.1206896551724138,0.7058823529411765
554,suspicious-document00010.txt,77.91,0.3333333333333333,1.0
555,suspicious-document00010.txt,50.5,0.2,1.0
556,suspicious-document00010.txt,90.77,0.14285714285714285,1.0
557,suspicious-document00010.txt,54.23,0.09352517985611511,0.6746031746031746
558,suspicious-document00010.txt,62.04,0.11587982832618025,0.587378640776699
559,suspicious-document00010.txt,56.56,0.125,0.6386554621848739
560,suspicious-document00010.txt,56.46,0.10243055555555555,0.475
561,suspicious-document00010.txt,77.91,0.3333333333333333,1.0
562,suspicious-document00010.txt,78.25,0.09090909090909091,0.8
563,suspicious-document00010.txt,56.63,0.11336032388663968,0.65
564,suspicious-document00010.txt,53.68,0.12755102040816327,0.6064139941690962
565,suspicious-document00010.txt,65.39,0.11764705882352941,0.9375
566,suspicious-document00010.txt,35.61,0.3333333333333333,1.0
567,suspicious-document00010.txt,89.75,0.125,0.8571428571428571
568,suspicious-document00010.txt,37.95,0.09696969696969697,0.6510067114093959
569,suspicious-document00010.txt,45.77,0.11702127659574468,0.7023809523809523
570,suspicious-document00010.txt,47.8,0.12154696132596685,0.63125
571,suspicious-document00010.txt,56.26,0.10185185185185185,0.4442815249266862
572,suspicious-document00010.txt,50.67,0.08925318761384335,0.46506986027944114
573,suspicious-document00010.txt,42.89,0.09876543209876543,0.6891891891891891
574,suspicious-document00010.txt,47.8,0.09090909090909091,0.8
575,suspicious-document00010.txt,77.91,0.3333333333333333,1.0
576,suspicious-document00010.txt,92.8,0.2,1.0
577,suspicious-document00010.txt,50.88,0.09333333333333334,0.6764705882352942
578,suspicious-document00010.txt,38.7,0.11369509043927649,0.5406976744186046
579,suspicious-document00010.txt,59.64,0.08333333333333333,0.7333333333333333
580,suspicious-document00010.txt,77.91,0.3333333333333333,1.0
581,suspicious-document00010.txt,50.5,0.2,1.0
582,suspicious-document00010.txt,47.49,0.10575139146567718,0.5082644628099173
583,suspicious-document00010.txt,45.46,0.12953367875647667,0.6153846153846154
584,suspicious-document00010.txt,77.91,0.3333333333333333,1.0
585,suspicious-document00010.txt,80.28,0.1111111111111111,1.0
586,suspicious-document00010.txt,52.5,0.11784511784511785,0.5114068441064639
587,suspicious-document00010.txt,54.83,0.14225941422594143,0.6328502415458938
588,suspicious-document00010.txt,77.61,0.1,0.6055045871559633
589,suspicious-document00010.txt,77.91,0.3333333333333333,1.0
590,suspicious-document00010.txt,106.67,0.125,1.0
591,suspicious-document00010.txt,70.16,0.16346153846153846,0.5665399239543726
592,suspicious-document00010.txt,70.57,0.17346938775510204,0.5301204819277109
593,suspicious-document00010.txt,35.61,0.3333333333333333,1.0
594,suspicious-document00010.txt,118.18,0.2,1.0
595,suspicious-document00010.txt,96.18,0.1,1.0
596,suspicious-document00010.txt,60.28,0.125,0.559228650137741
597,suspicious-document00010.txt,55.24,0.1293800539083558,0.46808510638297873
598,suspicious-document00010.txt,77.91,0.3333333333333333,1.0
599,suspicious-document00010.txt,80.28,0.1111111111111111,0.875
600,suspicious-document00010.txt,106.67,0.125,1.0
601,suspicious-document00010.txt,59.91,0.12222222222222222,0.5298507462686567
602,suspicious-document00010.txt,64.85,0.17518248175182483,0.6923076923076923
603,suspicious-document00010.txt,59.16,0.1165644171779141,0.6458333333333334
604,suspicious-document00010.txt,48.91,0.1271186440677966,0.5659163987138264
605,suspicious-document00010.txt,44.61,0.1803921568627451,0.6619718309859155
606,suspicious-document00010.txt,36.93,0.13160733549083065,0.4668304668304668
607,suspicious-document00010.txt,54.73,0.15625,0.7738095238095238
608,suspicious-document00010.txt,77.91,0.3333333333333333,1.0
609,suspicious-document00010.txt,95.17,0.23076923076923078,1.0
610,suspicious-document00010.txt,120.21,0.3333333333333333,1.0
611,suspicious-document00010.txt,73.31,0.11363636363636363,0.7241379310344828
612,suspicious-document00010.txt,71.38,0.16610169491525423,0.5776892430278885
613,suspicious-document00010.txt,74.02,0.14049586776859505,0.526984126984127
614,suspicious-document00010.txt,64.68,0.12442396313364056,0.6263157894736842
615,suspicious-document00010.txt,51.22,0.13978494623655913,0.6625
616,suspicious-document00010.txt,69.79,0.20155038759689922,0.7047619047619048
617,suspicious-document00010.txt,73.85,0.08823529411764706,0.8064516129032258
618,suspicious-document00010.txt,66.17,0.13636363636363635,0.6623376623376623
619,suspicious-document00010.txt,77.91,0.3333333333333333,1.0
620,suspicious-document00010.txt,77.91,0.3333333333333333,1.0
621,suspicious-document00010.txt,90.77,0.14285714285714285,1.0
622,suspicious-document00010.txt,38.66,0.09345794392523364,0.6530612244897959
623,suspicious-document00010.txt,35.11,0.07079646017699115,0.7333333333333333
624,suspicious-document00010.txt,45.97,0.11137440758293839,0.5079787234042553
625,suspicious-document00010.txt,50.67,0.09090909090909091,0.6703296703296703
626,suspicious-document00010.txt,16.16,0.09166666666666666,0.6880733944954128
627,suspicious-document00010.txt,51.48,0.0945945945945946,0.5597014925373134
628,suspicious-document00010.txt,57.95,0.1148936170212766,0.4976190476190476
629,suspicious-document00010.txt,71.28,0.11176470588235295,0.6490066225165563
630,suspicious-document00010.txt,59.37,0.10915492957746478,0.5775193798449613
631,suspicious-document00010.txt,77.91,0.3333333333333333,1.0
632,suspicious-document00010.txt,81.63,0.0625,0.7333333333333333
633,suspicious-document00010.txt,48.47,0.07575757575757576,0.7258064516129032
634,suspicious-document00010.txt,51.96,0.08498583569405099,0.5325077399380805
635,suspicious-document00010.txt,53.07,0.1282051282051282,0.6857142857142857
636,suspicious-document00010.txt,35.61,0.3333333333333333,1.0
637,suspicious-document00010.txt,89.75,0.125,0.7142857142857143
638,suspicious-document00010.txt,117.16,0.16666666666666666,1.0
639,suspicious-document00010.txt,66.2,0.12631578947368421,0.6096096096096096
640,suspicious-document00010.txt,50.94,0.09540636042402827,0.5968992248062015
641,suspicious-document00010.txt,68.44,0.0972972972972973,0.6071428571428571
642,suspicious-document00010.txt,65.59,0.10869565217391304,0.6747967479674797
643,suspicious-document00010.txt,64.58,0.09770114942528736,0.64375
644,suspicious-document00010.txt,77.91,0.3333333333333333,1.0
645,suspicious-document00010.txt,80.28,0.1111111111111111,0.875
646,suspicious-document00010.txt,64.04,0.058823529411764705,0.8125
647,suspicious-document00010.txt,71.58,0.11244979919678715,0.49107142857142855
648,suspicious-document00010.txt,68.84,0.12307692307692308,0.3553459119496855
649,suspicious-document00010.txt,63.56,0.11320754716981132,0.431924882629108
650,suspicious-document00010.txt,77.91,0.3333333333333333,1.0
651,suspicious-document00010.txt,100.24,0.16666666666666666,0.8
652,suspicious-document00010.txt,64.88,0.10426540284360189,0.5767195767195767
653,suspicious-document00010.txt,61.63,0.10344827586206896,0.6952380952380952
654,suspicious-document00010.txt,71.78,0.11700468018720749,0.4842105263157895
655,suspicious-document00010.txt,58.15,0.07453416149068323,0.6510067114093959
656,suspicious-document00010.txt,49.28,0.14772727272727273,0.695364238410596
657,suspicious-document00010.txt,75.47,0.12251655629139073,0.48120300751879697
658,suspicious-document00010.txt,27.33,0.11612903225806452,0.656934306569343
659,suspicious-document00010.txt,64.78,0.11538461538461539,0.5928853754940712
660,suspicious-document00010.txt,77.91,0.3333333333333333,1.0
661,suspicious-document00010.txt,81.29,0.125,0.7142857142857143
662,suspicious-document00010.txt,68.94,0.11827956989247312,0.6144578313253012
663,suspicious-document00010.txt,58.86,0.12931034482758622,0.5686274509803921
664,suspicious-document00010.txt,64.38,0.07058823529411765,0.55
665,suspicious-document00010.txt,65.19,0.12322274881516587,0.5531914893617021
666,suspicious-document00010.txt,76.9,0.12041884816753927,0.5798816568047337
667,suspicious-document00010.txt,69.18,0.1323529411764706,0.5810055865921788
668,suspicious-document00010.txt,64.98,0.10476190476190476,0.5300353356890459
669,suspicious-document00010.txt,77.2,0.0989010989010989,0.48493975903614456
670,suspicious-document00010.txt,68.88,0.10714285714285714,0.5079365079365079
671,suspicious-document00010.txt,67.01,0.10472972972972973,0.5433962264150943
672,suspicious-document00010.txt,77.91,0.3333333333333333,1.0
673,suspicious-document00010.txt,104.64,0.1,0.8888888888888888
674,suspicious-document00010.txt,69.55,0.15873015873015872,0.6372093023255814
675,suspicious-document00010.txt,65.29,0.11464968152866242,0.5444839857651246
676,suspicious-document00010.txt,62.35,0.07207207207207207,0.6568627450980392
677,suspicious-document00010.txt,35.61,0.3333333333333333,1.0
678,suspicious-document00010.txt,83.32,0.16666666666666666,0.8
679,suspicious-document00010.txt,89.75,0.125,1.0
680,suspicious-document00010.txt,75.37,0.12686567164179105,0.6101694915254238
681,suspicious-document00010.txt,55.24,0.07865168539325842,0.7439024390243902
682,suspicious-document00010.txt,74.53,0.12709030100334448,0.5871212121212122
683,suspicious-document00010.txt,59.77,0.15306122448979592,0.5555555555555556
684,suspicious-document00010.txt,63.73,0.12121212121212122,0.6394557823129252
685,suspicious-document00010.txt,68.6,0.16058394160583941,0.6186440677966102
686,suspicious-document00010.txt,66.41,0.18666666666666668,0.7377049180327869
687,suspicious-document00010.txt,58.45,0.13333333333333333,0.6722689075630253
688,suspicious-document00010.txt,45.43,0.10526315789473684,0.8235294117647058
689,suspicious-document00010.txt,77.91,0.3333333333333333,1.0
690,suspicious-document00010.txt,100.24,0.16666666666666666,1.0
691,suspicious-document00010.txt,63.36,0.10810810810810811,0.6818181818181818
692,suspicious-document00010.txt,66.07,0.10810810810810811,0.7272727272727273
693,suspicious-document00010.txt,68.44,0.12156862745098039,0.5511111111111111
694,suspicious-document00010.txt,85.12,0.1419753086419753,0.5928571428571429
695,suspicious-document00010.txt,71.48,0.13986013986013987,0.6904761904761905
696,suspicious-document00010.txt,77.91,0.3333333333333333,1.0
697,suspicious-document00010.txt,100.24,0.16666666666666666,0.8
698,suspicious-document00010.txt,27.5,0.1044776119402985,0.8666666666666667
699,suspicious-document00010.txt,67.83,0.11782945736434108,0.45359019264448336
700,suspicious-document00010.txt,77.91,0.3333333333333333,1.0
701,suspicious-document00010.txt,63.36,0.1111111111111111,0.875
702,suspicious-document00010.txt,61.8,0.10273972602739725,0.5877862595419847
703,suspicious-document00010.txt,61.8,0.11936936936936937,0.5152284263959391
704,suspicious-document00010.txt,70.67,0.12244897959183673,0.6356589147286822
705,suspicious-document00010.txt,67.72,0.09473684210526316,0.6976744186046512
706,suspicious-document00010.txt,69.04,0.1044776119402985,0.5415282392026578
707,suspicious-document00010.txt,77.91,0.3333333333333333,1.0
708,suspicious-document00010.txt,105.66,0.1111111111111111,1.0
709,suspicious-document00010.txt,55.54,0.13620071684587814,0.6163265306122448
710,suspicious-document00010.txt,61.4,0.11057692307692307,0.6505376344086021
711,suspicious-document00010.txt,35.61,0.3333333333333333,1.0
712,suspicious-document00010.txt,69.79,0.09090909090909091,1.0
713,suspicious-document00010.txt,67.28,0.12631578947368421,0.6987951807228916
714,suspicious-document00010.txt,55.71,0.12272727272727273,0.6424870466321243
715,suspicious-document00010.txt,59.0,0.12598425196850394,0.6875
716,suspicious-document00010.txt,47.93,0.09398496240601503,0.5726141078838174
717,suspicious-document00010.txt,26.99,0.1037037037037037,0.6694214876033058
718,suspicious-document00010.txt,54.23,0.09090909090909091,0.5952380952380952
719,suspicious-document00010.txt,28.21,0.09644670050761421,0.5955056179775281
720,suspicious-document00010.txt,44.79,0.08928571428571429,0.5584415584415584
721,suspicious-document00010.txt,44.24,0.08947368421052632,0.6149425287356322
722,suspicious-document00010.txt,42.92,0.12648221343873517,0.6160714285714286
723,suspicious-document00010.txt,52.7,0.13,0.7701149425287356
724,suspicious-document00010.txt,44.75,0.09473684210526316,0.6162790697674418
725,suspicious-document00010.txt,77.91,0.3333333333333333,1.0
726,suspicious-document00010.txt,71.82,0.1111111111111111,1.0
727,suspicious-document00010.txt,49.52,0.10077519379844961,0.6782608695652174
728,suspicious-document00010.txt,60.58,0.11494252873563218,0.47751605995717344
729,suspicious-document00010.txt,36.33,0.11560693641618497,0.56957928802589
730,suspicious-document00010.txt,37.48,0.11278195488721804,0.7264957264957265
731,suspicious-document00010.txt,59.98,0.15151515151515152,0.8214285714285714
732,suspicious-document00010.txt,35.11,0.12605042016806722,0.6761904761904762
733,suspicious-document00010.txt,36.49,0.11136890951276102,0.5246753246753246
734,suspicious-document00010.txt,61.43,0.10661764705882353,0.6584362139917695
735,suspicious-document00010.txt,47.29,0.06896551724137931,0.7682926829268293
736,suspicious-document00010.txt,58.79,0.12941176470588237,0.6933333333333334
737,suspicious-document00010.txt,58.25,0.11411411411411411,0.5824915824915825
738,suspicious-document00010.txt,37.27,0.09693877551020408,0.6022727272727273
739,suspicious-document00010.txt,50.43,0.1174496644295302,0.5343511450381679
740,suspicious-document00010.txt,77.91,0.3333333333333333,1.0
741,suspicious-document00010.txt,66.4,0.16666666666666666,0.8
742,suspicious-document00010.txt,73.81,0.14102564102564102,0.8235294117647058
743,suspicious-document00010.txt,75.74,0.08759124087591241,0.688
744,suspicious-document00010.txt,61.9,0.14218009478672985,0.6630434782608695
745,suspicious-document00010.txt,55.24,0.13380281690140844,0.6829268292682927
746,suspicious-document00010.txt,77.91,0.3333333333333333,1.0
747,suspicious-document00010.txt,55.91,0.125,1.0
748,suspicious-document00010.txt,61.53,0.08552631578947369,0.6546762589928058
749,suspicious-document00010.txt,64.38,0.1111111111111111,0.63125
750,suspicious-document00010.txt,68.77,0.14,0.8181818181818182
751,suspicious-document00010.txt,77.91,0.3333333333333333,1.0
752,suspicious-document00010.txt,50.5,0.2,1.0
753,suspicious-document00010.txt,75.74,0.1,0.5673076923076923
754,suspicious-document00010.txt,60.01,0.07692307692307693,0.6788990825688074
755,suspicious-document00010.txt,37.85,0.11071428571428571,0.5783132530120482
756,suspicious-document00010.txt,62.01,0.1111111111111111,0.7211538461538461
757,suspicious-document00010.txt,34.6,0.12396694214876033,0.7358490566037735
758,suspicious-document00010.txt,55.24,0.11913357400722022,0.6153846153846154
759,suspicious-document00010.txt,59.94,0.0945945945945946,0.5447761194029851
760,suspicious-document00010.txt,51.55,0.08403361344537816,0.7064220183486238
761,suspicious-document00010.txt,63.32,0.12941176470588237,0.7567567567567568
762,suspicious-document00010.txt,35.61,0.3333333333333333,1.0
763,suspicious-document00010.txt,66.4,0.16666666666666666,1.0
764,suspicious-document00010.txt,45.26,0.17,0.6235294117647059
765,suspicious-document00010.txt,56.05,0.10714285714285714,0.5223880597014925
766,suspicious-document00010.txt,62.55,0.11052631578947368,0.6272189349112426
767,suspicious-document00010.txt,66.2,0.10837438423645321,0.6298342541436464
768,suspicious-document00010.txt,58.96,0.06451612903225806,0.896551724137931
769,suspicious-document00010.txt,35.61,0.3333333333333333,1.0
770,suspicious-document00010.txt,90.77,0.14285714285714285,0.8333333333333334
771,suspicious-document00010.txt,66.51,0.09565217391304348,0.6018957345971564
772,suspicious-document00010.txt,60.66,0.07092198581560284,0.6287878787878788
773,suspicious-document00010.txt,54.9,0.14285714285714285,0.7272727272727273
774,suspicious-document00010.txt,56.52,0.09057971014492754,0.5577689243027888
775,suspicious-document00010.txt,56.15,0.11602209944751381,0.515527950310559
776,suspicious-document00010.txt,66.51,0.1323529411764706,0.49521531100478466
777,suspicious-document00010.txt,81.06,0.16517857142857142,0.581151832460733
778,suspicious-document00010.txt,38.56,0.10498687664041995,0.4927536231884058
779,suspicious-document00010.txt,62.82,0.10778443113772455,0.6423841059602649
780,suspicious-document00010.txt,60.58,0.07432432432432433,0.6423357664233577
781,suspicious-document00010.txt,68.44,0.125,0.8214285714285714
782,suspicious-document00010.txt,53.68,0.11688311688311688,0.5658536585365853
783,suspicious-document00010.txt,73.21,0.0970873786407767,0.6236559139784946
784,suspicious-document00010.txt,77.91,0.3333333333333333,1.0
785,suspicious-document00010.txt,74.19,0.06666666666666667,0.8571428571428571
786,suspicious-document00010.txt,56.52,0.12631578947368421,0.5714285714285714
787,suspicious-document00010.txt,35.01,0.09267241379310345,0.476303317535545
788,suspicious-document00010.txt,41.67,0.11023622047244094,0.5442477876106194
789,suspicious-document00010.txt,77.91,0.3333333333333333,1.0
790,suspicious-document00010.txt,73.85,0.14285714285714285,0.8333333333333334
791,suspicious-document00010.txt,51.96,0.1039426523297491,0.6175298804780877
792,suspicious-document00010.txt,61.5,0.08620689655172414,0.8113207547169812
793,suspicious-document00010.txt,75.54,0.1271186440677966,0.6571428571428571
794,suspicious-document00010.txt,64.04,0.1111111111111111,0.7391304347826086
795,suspicious-document00010.txt,-47.99,0.5,1.0
796,suspicious-document00010.txt,33.58,0.2,1.0
797,suspicious-document00010.txt,66.57,0.10638297872340426,0.8571428571428571
798,suspicious-document00010.txt,51.86,0.12269938650306748,0.5763888888888888
799,suspicious-document00010.txt,62.72,0.12941176470588237,0.7402597402597403
800,suspicious-document00010.txt,68.3,0.13157894736842105,0.5572139303482587
801,suspicious-document00010.txt,64.75,0.1163895486935867,0.5066666666666667
802,suspicious-document00010.txt,77.87,0.10752688172043011,0.5952380952380952
803,suspicious-document00010.txt,75.88,0.2,1.0
804,suspicious-document00010.txt,62.88,0.13157894736842105,0.7121212121212122
805,suspicious-document00010.txt,76.15,0.14285714285714285,0.6484848484848484
806,suspicious-document00010.txt,49.62,0.11627906976744186,0.5545851528384279
807,suspicious-document00010.txt,69.01,0.13231552162849872,0.5406976744186046
808,suspicious-document00010.txt,120.21,0.3333333333333333,1.0
809,suspicious-document00010.txt,52.8,0.10344827586206896,0.5846153846153846
810,suspicious-document00010.txt,46.61,0.18333333333333332,0.717391304347826
811,suspicious-document00010.txt,22.08,0.23809523809523808,0.967741935483871
812,suspicious-document00010.txt,70.43,0.2222222222222222,0.74
813,suspicious-document00010.txt,67.76,0.1111111111111111,0.8695652173913043
814,suspicious-document00010.txt,62.01,0.07142857142857142,0.84
815,suspicious-document00010.txt,25.97,0.1347517730496454,0.6229508196721312
816,suspicious-document00010.txt,27.5,0.07692307692307693,0.7758620689655172
817,suspicious-document00010.txt,81.63,0.11764705882352941,1.0
818,suspicious-document00010.txt,80.92,0.16265060240963855,0.5285714285714286
819,suspicious-document00010.txt,60.69,0.09166666666666666,0.6851851851851852
820,suspicious-document00010.txt,81.46,0.0784313725490196,0.6956521739130435
821,suspicious-document00010.txt,82.65,0.1484375,0.6785714285714286
822,suspicious-document00010.txt,61.19,0.08045977011494253,0.6375
823,suspicious-document00010.txt,62.82,0.14772727272727273,0.6711409395973155
824,suspicious-document00010.txt,57.27,0.10344827586206896,0.6666666666666666
825,suspicious-document00010.txt,67.38,0.13793103448275862,0.6008771929824561
826,suspicious-document00010.txt,70.13,0.14285714285714285,0.7714285714285715
827,suspicious-document00010.txt,70.13,0.1111111111111111,0.7746478873239436
